timezone
Etc/GMT+12
Etc/GMT+11
Pacific/Midway
Pacific/Niue
Pacific/Pago_Pago
Pacific/Samoa
America/Adak
Pacific/Rarotonga
Pacific/Tahiti
Pacific/Honolulu
Pacific/Marquesas
America/Anchorage
Pacific/Gambier
America/Juneau
America/Nome
America/Metlakatla
America/Sitka
America/Yakutat
America/Tijuana
America/Los_Angeles
Pacific/Pitcairn
America/Creston
America/Chihuahua
America/Dawson
America/Dawson_Creek
America/Denver
America/Ensenada
America/Fort_Nelson
America/Hermosillo
America/Vancouver
America/Whitehorse
America/Phoenix
America/Bahia_Banderas
America/Belize
America/Boise
America/Costa_Rica
America/Chicago
America/Edmonton
America/El_Salvador
America/Guatemala
America/Managua
America/Mazatlan
America/Ojinaga
America/Swift_Current
America/Tegucigalpa
America/Mexico_City
America/Regina
Pacific/Galapagos
America/Atikokan
America/Bogota
America/Cancun
America/Cayman
America/Coral_Harbour
America/Eirunepe
America/Guayaquil
America/Indianapolis
America/Jamaica
America/Lima
America/Matamoros
America/Menominee
America/Merida
America/Monterrey
America/Nipigon
America/Panama
America/Rainy_River
America/Rio_Branco
America/Thunder_Bay
America/Winnipeg
America/New_York
Pacific/Easter
America/Caracas
America/Anguilla
America/Antigua
America/Aruba
America/Asuncion
America/Barbados
America/Boa_Vista
America/Campo_Grande
America/Curacao
America/Cuiaba
America/Detroit
America/Dominica
America/Grand_Turk
America/Grenada
America/Guadeloupe
America/Guyana
America/Halifax
America/Havana
America/La_Paz
America/Manaus
America/Martinique
America/Montreal
America/Montserrat
America/Nassau
America/Port_of_Spain
America/Porto_Velho
America/Puerto_Rico
America/Santo_Domingo
America/St_Kitts
America/St_Lucia
America/St_Thomas
America/St_Vincent
America/Toronto
America/Tortola
America/Santiago
America/St_Johns
America/Araguaina
America/Bahia
America/Belem
America/Buenos_Aires
America/Cayenne
America/Fortaleza
America/Glace_Bay
America/Goose_Bay
America/Godthab
America/Maceio
America/Moncton
America/Paramaribo
America/Punta_Arenas
America/Recife
America/Rosario
America/Santarem
America/Thule
America/Montevideo
America/Sao_Paulo
Antarctica/Rothera
Atlantic/Bermuda
Atlantic/Stanley
America/Miquelon
America/Noronha
Atlantic/South_Georgia
Etc/GMT+2
Atlantic/Azores
Atlantic/Cape_Verde
UTC
America/Danmarkshavn
America/Scoresbysund
Africa/Accra
Africa/Abidjan
Africa/Bamako
Africa/Banjul
Africa/Bissau
Africa/Conakry
Africa/Dakar
Africa/El_Aaiun
Africa/Freetown
Africa/Lome
Africa/Monrovia
Africa/Nouakchott
Africa/Ouagadougou
Africa/Sao_Tome
Africa/Timbuktu
Antarctica/Troll
Atlantic/St_Helena
Atlantic/Reykjavik
Europe/London
Africa/Bangui
Africa/Casablanca
Africa/Algiers
Africa/Brazzaville
Africa/Douala
Africa/Kinshasa
Africa/Libreville
Africa/Luanda
Africa/Malabo
Africa/Ndjamena
Africa/Niamey
Africa/Tunis
Africa/Lagos
Atlantic/Canary
Atlantic/Faroe
Atlantic/Madeira
Europe/Belfast
Europe/Berlin
Europe/Budapest
Europe/Dublin
Europe/Guernsey
Europe/Isle_of_Man
Europe/Jersey
Europe/Lisbon
Europe/Paris
Europe/Warsaw
Africa/Blantyre
Africa/Bujumbura
Africa/Cairo
Africa/Ceuta
Africa/Johannesburg
Africa/Gaborone
Africa/Harare
Africa/Khartoum
Africa/Kigali
Africa/Lubumbashi
Africa/Lusaka
Africa/Maputo
Africa/Maseru
Africa/Mbabane
Africa/Tripoli
Africa/Windhoek
Asia/Amman
Asia/Beirut
Asia/Damascus
Asia/Jerusalem
Europe/Amsterdam
Europe/Andorra
Europe/Belgrade
Europe/Brussels
Europe/Copenhagen
Europe/Gibraltar
Europe/Istanbul
Europe/Kaliningrad
Europe/Kiev
Europe/Ljubljana
Europe/Luxembourg
Europe/Madrid
Europe/Malta
Europe/Monaco
Europe/Minsk
Europe/Oslo
Europe/Prague
Europe/Rome
Europe/Sarajevo
Europe/Skopje
Europe/Stockholm
Europe/Tirane
Europe/Vaduz
Europe/Vienna
Europe/Zagreb
Europe/Zurich
Africa/Addis_Ababa
Africa/Asmara
Africa/Dar_es_Salaam
Africa/Djibouti
Africa/Juba
Africa/Kampala
Africa/Mogadishu
Africa/Nairobi
Asia/Aden
Asia/Bahrain
Asia/Baghdad
Asia/Famagusta
Asia/Gaza
Asia/Hebron
Asia/Kuwait
Asia/Nicosia
Asia/Qatar
Asia/Tel_Aviv
Asia/Riyadh
Europe/Athens
Europe/Bucharest
Europe/Chisinau
Europe/Helsinki
Europe/Kirov
Europe/Moscow
Europe/Riga
Europe/Simferopol
Europe/Sofia
Europe/Tallinn
Europe/Tiraspol
Europe/Uzhgorod
Europe/Vilnius
Europe/Volgograd
Europe/Zaporozhye
Indian/Antananarivo
Indian/Comoro
Indian/Mayotte
Asia/Tehran
Asia/Baku
Asia/Muscat
Asia/Dubai
Asia/Tbilisi
Asia/Yerevan
Europe/Astrakhan
Europe/Samara
Europe/Saratov
Europe/Ulyanovsk
Indian/Mahe
Indian/Mauritius
Indian/Reunion
Asia/Kabul
Antarctica/Mawson
Asia/Aqtau
Asia/Aqtobe
Asia/Ashgabat
Asia/Atyrau
Asia/Dushanbe
Asia/Oral
Asia/Samarkand
Asia/Karachi
Asia/Tashkent
Asia/Yekaterinburg
Indian/Maldives
Asia/Calcutta
Asia/Colombo
Asia/Kolkata
Asia/Kathmandu
Asia/Almaty
Asia/Bishkek
Asia/Kashgar
Asia/Omsk
Asia/Qyzylorda
Asia/Thimphu
Asia/Urumqi
Asia/Dhaka
Asia/Novosibirsk
Indian/Chagos
Asia/Yangon
Asia/Rangoon
Indian/Cocos
Antarctica/Davis
Asia/Barnaul
Asia/Bangkok
Asia/Ho_Chi_Minh
Asia/Hovd
Asia/Jakarta
Asia/Novokuznetsk
Asia/Phnom_Penh
Asia/Pontianak
Asia/Tomsk
Asia/Vientiane
Asia/Krasnoyarsk
Indian/Christmas
Antarctica/Casey
Asia/Brunei
Asia/Choibalsan
Asia/Chongqing
Asia/Harbin
Asia/Hong_Kong
Asia/Kuala_Lumpur
Asia/Kuching
Asia/Macau
Asia/Makassar
Asia/Manila
Asia/Irkutsk
Asia/Shanghai
Asia/Singapore
Asia/Taipei
Asia/Ulaanbaatar
Australia/Perth
Asia/Pyongyang
Australia/Eucla
Asia/Chita
Asia/Dili
Asia/Jayapura
Asia/Khandyga
Asia/Tokyo
Asia/Seoul
Asia/Yakutsk
Pacific/Palau
Australia/Adelaide
Australia/Broken_Hill
Australia/Darwin
Australia/Brisbane
Asia/Vladivostok
Australia/Hobart
Australia/Lindeman
Pacific/Chuuk
Pacific/Saipan
Pacific/Port_Moresby
Australia/LHI
Australia/Lord_Howe
Asia/Sakhalin
Asia/Srednekolymsk
Asia/Magadan
Australia/Currie
Australia/Melbourne
Australia/Sydney
Pacific/Efate
Pacific/Bougainville
Pacific/Guadalcanal
Pacific/Kosrae
Pacific/Norfolk
Pacific/Noumea
Pacific/Pohnpei
Asia/Anadyr
Asia/Kamchatka
Etc/GMT-12
Pacific/Funafuti
Pacific/Kwajalein
Pacific/Majuro
Pacific/Nauru
Pacific/Tarawa
Pacific/Wake
Pacific/Wallis
Pacific/Auckland
Pacific/Fiji
Pacific/Chatham
Pacific/Enderbury
Pacific/Fakaofo
Pacific/Tongatapu
Pacific/Apia
Pacific/Kiritimati